{"$schema":"http://schema.management.azure.com/schemas/2015-01-01/deploymentTemplate.json#","contentVersion":"1.0.0.0","parameters":{"factoryName":{"type":"string","metadata":"Data Factory name"},"AzureBlobStorage1":{"type":"string"},"AzureSqlDatabase1":{"type":"string"}},"variables":{"factoryId":"[concat('Microsoft.DataFactory/factories/', parameters('factoryName'))]"},"resources":[{"name":"[concat(parameters('factoryName'), '/LoadDailySalesdata')]","type":"Microsoft.DataFactory/factories/pipelines","apiVersion":"2018-06-01","properties":{"activities":[{"name":"CopyDailySales","type":"Copy","dependsOn":[],"policy":{"timeout":"0.12:00:00","retry":0,"retryIntervalInSeconds":30,"secureOutput":false,"secureInput":false},"userProperties":[],"typeProperties":{"source":{"type":"DelimitedTextSource","storeSettings":{"type":"AzureBlobStorageReadSettings","recursive":true,"enablePartitionDiscovery":false},"formatSettings":{"type":"DelimitedTextReadSettings"}},"sink":{"type":"AzureSqlSink","preCopyScript":"TRUNCATE TABLE dbo.DailySales","writeBehavior":"insert","sqlWriterUseTableLock":false,"disableMetricsCollection":false},"enableStaging":false,"enableSkipIncompatibleRow":false,"translator":{"type":"TabularTranslator","mappings":[{"source":{"name":"report_date","type":"String","physicalType":"String"},"sink":{"name":"report_date","type":"DateTime","physicalType":"date"}},{"source":{"name":"day_of_week","type":"String","physicalType":"String"},"sink":{"name":"day_of_week","type":"String","physicalType":"varchar"}},{"source":{"name":"taxable_product_sales","type":"String","physicalType":"String"},"sink":{"name":"taxable_product_sales","type":"Decimal","physicalType":"decimal","scale":2,"precision":10}},{"source":{"name":"taxable_other_sales","type":"String","physicalType":"String"},"sink":{"name":"taxable_other_sales","type":"Decimal","physicalType":"decimal","scale":2,"precision":10}},{"source":{"name":"total_tax_fees","type":"String","physicalType":"String"},"sink":{"name":"total_tax_fees","type":"Decimal","physicalType":"decimal","scale":2,"precision":10}},{"source":{"name":"non_taxable_product_sales","type":"String","physicalType":"String"},"sink":{"name":"non_taxable_product_sales","type":"Decimal","physicalType":"decimal","scale":2,"precision":10}},{"source":{"name":"non_taxable_other_sales","type":"String","physicalType":"String"},"sink":{"name":"non_taxable_other_sales","type":"Decimal","physicalType":"decimal","scale":2,"precision":10}},{"source":{"name":"gpi_sales","type":"String","physicalType":"String"},"sink":{"name":"gpi_sales","type":"Decimal","physicalType":"decimal","scale":2,"precision":10}},{"source":{"name":"gross_sales","type":"String","physicalType":"String"},"sink":{"name":"gross_sales","type":"Decimal","physicalType":"decimal","scale":2,"precision":10}},{"source":{"name":"transaction_count","type":"String","physicalType":"String"},"sink":{"name":"transaction_count","type":"Int32","physicalType":"int"}},{"source":{"name":"cash_payments","type":"String","physicalType":"String"},"sink":{"name":"cash_payments","type":"Decimal","physicalType":"decimal","scale":2,"precision":10}},{"source":{"name":"check_payments","type":"String","physicalType":"String"},"sink":{"name":"check_payments","type":"Decimal","physicalType":"decimal","scale":2,"precision":10}},{"source":{"name":"credit_debit_payments","type":"String","physicalType":"String"},"sink":{"name":"credit_debit_payments","type":"Decimal","physicalType":"decimal","scale":2,"precision":10}},{"source":{"name":"ebt_snap_payments","type":"String","physicalType":"String"},"sink":{"name":"ebt_snap_payments","type":"Decimal","physicalType":"decimal","scale":2,"precision":10}},{"source":{"name":"beer_sales","type":"String","physicalType":"String"},"sink":{"name":"beer_sales","type":"Decimal","physicalType":"decimal","scale":2,"precision":10}},{"source":{"name":"cigar_sales","type":"String","physicalType":"String"},"sink":{"name":"cigar_sales","type":"Decimal","physicalType":"decimal","scale":2,"precision":10}},{"source":{"name":"cigarette_sales","type":"String","physicalType":"String"},"sink":{"name":"cigarette_sales","type":"Decimal","physicalType":"decimal","scale":2,"precision":10}},{"source":{"name":"dairy_sales","type":"String","physicalType":"String"},"sink":{"name":"dairy_sales","type":"Decimal","physicalType":"decimal","scale":2,"precision":10}},{"source":{"name":"grocery_notax_sales","type":"String","physicalType":"String"},"sink":{"name":"grocery_notax_sales","type":"Decimal","physicalType":"decimal","scale":2,"precision":10}},{"source":{"name":"grocery_taxable_sales","type":"String","physicalType":"String"},"sink":{"name":"grocery_taxable_sales","type":"Decimal","physicalType":"decimal","scale":2,"precision":10}},{"source":{"name":"ice_bag_sales","type":"String","physicalType":"String"},"sink":{"name":"ice_bag_sales","type":"Decimal","physicalType":"decimal","scale":2,"precision":10}},{"source":{"name":"lotto_sales","type":"String","physicalType":"String"},"sink":{"name":"lotto_sales","type":"Decimal","physicalType":"decimal","scale":2,"precision":10}},{"source":{"name":"medicine_sales","type":"String","physicalType":"String"},"sink":{"name":"medicine_sales","type":"Decimal","physicalType":"decimal","scale":2,"precision":10}},{"source":{"name":"misc_sales","type":"String","physicalType":"String"},"sink":{"name":"misc_sales","type":"Decimal","physicalType":"decimal","scale":2,"precision":10}},{"source":{"name":"scratch_off_sales","type":"String","physicalType":"String"},"sink":{"name":"scratch_off_sales","type":"Decimal","physicalType":"decimal","scale":2,"precision":10}},{"source":{"name":"smoke_shop_sales","type":"String","physicalType":"String"},"sink":{"name":"smoke_shop_sales","type":"Decimal","physicalType":"decimal","scale":2,"precision":10}},{"source":{"name":"snacks_sales","type":"String","physicalType":"String"},"sink":{"name":"snacks_sales","type":"Decimal","physicalType":"decimal","scale":2,"precision":10}},{"source":{"name":"soda_sales","type":"String","physicalType":"String"},"sink":{"name":"soda_sales","type":"Decimal","physicalType":"decimal","scale":2,"precision":10}},{"source":{"name":"water_sales","type":"String","physicalType":"String"},"sink":{"name":"water_sales","type":"Decimal","physicalType":"decimal","scale":2,"precision":10}},{"source":{"name":"wine_sales","type":"String","physicalType":"String"},"sink":{"name":"wine_sales","type":"Decimal","physicalType":"decimal","scale":2,"precision":10}},{"source":{"name":"vendor_payouts","type":"String","physicalType":"String"},"sink":{"name":"vendor_payouts","type":"Decimal","physicalType":"decimal","scale":2,"precision":10}},{"source":{"name":"safe_drops","type":"String","physicalType":"String"},"sink":{"name":"safe_drops","type":"Decimal","physicalType":"decimal","scale":2,"precision":10}},{"source":{"name":"cash_back_lottery","type":"String","physicalType":"String"},"sink":{"name":"cash_back_lottery","type":"Decimal","physicalType":"decimal","scale":2,"precision":10}},{"source":{"name":"cancelled_baskets","type":"String","physicalType":"String"},"sink":{"name":"cancelled_baskets","type":"Int32","physicalType":"int"}},{"source":{"name":"voided_items","type":"String","physicalType":"String"},"sink":{"name":"voided_items","type":"Int32","physicalType":"int"}},{"source":{"name":"discounts_total","type":"String","physicalType":"String"},"sink":{"name":"discounts_total","type":"Decimal","physicalType":"decimal","scale":2,"precision":10}},{"source":{"name":"price_overrides","type":"String","physicalType":"String"},"sink":{"name":"price_overrides","type":"Int32","physicalType":"int"}}],"typeConversion":true,"typeConversionSettings":{"allowDataTruncation":true,"treatBooleanAsNumber":false}}},"inputs":[{"referenceName":"DelimitedText1","type":"DatasetReference","parameters":{}}],"outputs":[{"referenceName":"DailySalesSQL","type":"DatasetReference","parameters":{}}]}],"policy":{"elapsedTimeMetric":{}},"annotations":[],"lastPublishTime":"2025-07-08T17:50:28Z"},"dependsOn":["[concat(variables('factoryId'), '/datasets/DelimitedText1')]","[concat(variables('factoryId'), '/datasets/DailySalesSQL')]"]},{"name":"[concat(parameters('factoryName'), '/DelimitedText1')]","type":"Microsoft.DataFactory/factories/datasets","apiVersion":"2018-06-01","properties":{"linkedServiceName":{"referenceName":"[parameters('AzureBlobStorage1')]","type":"LinkedServiceReference"},"annotations":[],"type":"DelimitedText","typeProperties":{"location":{"type":"AzureBlobStorageLocation","fileName":"daily_sales.csv","container":"raw-data"},"columnDelimiter":",","escapeChar":"\\","firstRowAsHeader":true,"quoteChar":"\""},"schema":[{"name":"report_date","type":"String"},{"name":"day_of_week","type":"String"},{"name":"taxable_product_sales","type":"String"},{"name":"taxable_other_sales","type":"String"},{"name":"total_tax_fees","type":"String"},{"name":"non_taxable_product_sales","type":"String"},{"name":"non_taxable_other_sales","type":"String"},{"name":"gpi_sales","type":"String"},{"name":"gross_sales","type":"String"},{"name":"transaction_count","type":"String"},{"name":"cash_payments","type":"String"},{"name":"check_payments","type":"String"},{"name":"credit_debit_payments","type":"String"},{"name":"ebt_snap_payments","type":"String"},{"name":"beer_sales","type":"String"},{"name":"cigar_sales","type":"String"},{"name":"cigarette_sales","type":"String"},{"name":"dairy_sales","type":"String"},{"name":"grocery_notax_sales","type":"String"},{"name":"grocery_taxable_sales","type":"String"},{"name":"ice_bag_sales","type":"String"},{"name":"lotto_sales","type":"String"},{"name":"medicine_sales","type":"String"},{"name":"misc_sales","type":"String"},{"name":"scratch_off_sales","type":"String"},{"name":"smoke_shop_sales","type":"String"},{"name":"snacks_sales","type":"String"},{"name":"soda_sales","type":"String"},{"name":"water_sales","type":"String"},{"name":"wine_sales","type":"String"},{"name":"vendor_payouts","type":"String"},{"name":"safe_drops","type":"String"},{"name":"cash_back_lottery","type":"String"},{"name":"cancelled_baskets","type":"String"},{"name":"voided_items","type":"String"},{"name":"discounts_total","type":"String"},{"name":"price_overrides","type":"String"}]},"dependsOn":[]},{"name":"[concat(parameters('factoryName'), '/DailySalesSQL')]","type":"Microsoft.DataFactory/factories/datasets","apiVersion":"2018-06-01","properties":{"linkedServiceName":{"referenceName":"[parameters('AzureSqlDatabase1')]","type":"LinkedServiceReference"},"annotations":[],"type":"AzureSqlTable","schema":[{"name":"SalesID","type":"int","precision":10},{"name":"report_date","type":"date"},{"name":"day_of_week","type":"varchar"},{"name":"taxable_product_sales","type":"decimal","precision":10,"scale":2},{"name":"taxable_other_sales","type":"decimal","precision":10,"scale":2},{"name":"total_tax_fees","type":"decimal","precision":10,"scale":2},{"name":"non_taxable_product_sales","type":"decimal","precision":10,"scale":2},{"name":"non_taxable_other_sales","type":"decimal","precision":10,"scale":2},{"name":"gpi_sales","type":"decimal","precision":10,"scale":2},{"name":"gross_sales","type":"decimal","precision":10,"scale":2},{"name":"transaction_count","type":"int","precision":10},{"name":"cash_payments","type":"decimal","precision":10,"scale":2},{"name":"check_payments","type":"decimal","precision":10,"scale":2},{"name":"credit_debit_payments","type":"decimal","precision":10,"scale":2},{"name":"ebt_snap_payments","type":"decimal","precision":10,"scale":2},{"name":"beer_sales","type":"decimal","precision":10,"scale":2},{"name":"cigar_sales","type":"decimal","precision":10,"scale":2},{"name":"cigarette_sales","type":"decimal","precision":10,"scale":2},{"name":"dairy_sales","type":"decimal","precision":10,"scale":2},{"name":"grocery_notax_sales","type":"decimal","precision":10,"scale":2},{"name":"grocery_taxable_sales","type":"decimal","precision":10,"scale":2},{"name":"ice_bag_sales","type":"decimal","precision":10,"scale":2},{"name":"lotto_sales","type":"decimal","precision":10,"scale":2},{"name":"medicine_sales","type":"decimal","precision":10,"scale":2},{"name":"misc_sales","type":"decimal","precision":10,"scale":2},{"name":"scratch_off_sales","type":"decimal","precision":10,"scale":2},{"name":"smoke_shop_sales","type":"decimal","precision":10,"scale":2},{"name":"snacks_sales","type":"decimal","precision":10,"scale":2},{"name":"soda_sales","type":"decimal","precision":10,"scale":2},{"name":"water_sales","type":"decimal","precision":10,"scale":2},{"name":"wine_sales","type":"decimal","precision":10,"scale":2},{"name":"vendor_payouts","type":"decimal","precision":10,"scale":2},{"name":"safe_drops","type":"decimal","precision":10,"scale":2},{"name":"cash_back_lottery","type":"decimal","precision":10,"scale":2},{"name":"cancelled_baskets","type":"decimal","precision":10,"scale":2},{"name":"voided_items","type":"decimal","precision":10,"scale":2},{"name":"discounts_total","type":"decimal","precision":10,"scale":2},{"name":"price_overrides","type":"decimal","precision":10,"scale":2},{"name":"CreatedDate","type":"datetime","precision":23,"scale":3}],"typeProperties":{"schema":"dbo","table":"DailySales"}},"dependsOn":[]}]}