{"$schema":"http://schema.management.azure.com/schemas/2015-01-01/deploymentTemplate.json#","contentVersion":"1.0.0.0","parameters":{"factoryName":{"type":"string","metadata":"Data Factory name"},"AzureBlobStorage1":{"type":"string"},"AzureSqlDatabase1":{"type":"string"}},"variables":{"factoryId":"[concat('Microsoft.DataFactory/factories/', parameters('factoryName'))]"},"resources":[{"name":"[concat(parameters('factoryName'), '/VendorPayout')]","type":"Microsoft.DataFactory/factories/pipelines","apiVersion":"2018-06-01","properties":{"activities":[{"name":"CopyVendorPayout","type":"Copy","dependsOn":[],"policy":{"timeout":"0.12:00:00","retry":0,"retryIntervalInSeconds":30,"secureOutput":false,"secureInput":false},"userProperties":[],"typeProperties":{"source":{"type":"DelimitedTextSource","storeSettings":{"type":"AzureBlobStorageReadSettings","recursive":true,"enablePartitionDiscovery":false},"formatSettings":{"type":"DelimitedTextReadSettings"}},"sink":{"type":"AzureSqlSink","preCopyScript":"TRUNCATE TABLE dbo.VendorPayouts","writeBehavior":"insert","sqlWriterUseTableLock":false,"disableMetricsCollection":false},"enableStaging":false,"translator":{"type":"TabularTranslator","mappings":[{"source":{"name":"payout_date","type":"String","physicalType":"String"},"sink":{"name":"payout_date","type":"DateTime","physicalType":"date"}},{"source":{"name":"vendor_name","type":"String","physicalType":"String"},"sink":{"name":"vendor_name","type":"String","physicalType":"varchar"}},{"source":{"name":"amount","type":"String","physicalType":"String"},"sink":{"name":"amount","type":"Decimal","physicalType":"decimal","scale":2,"precision":10}},{"source":{"name":"payment_method","type":"String","physicalType":"String"},"sink":{"name":"payment_method","type":"String","physicalType":"varchar"}},{"source":{"name":"category","type":"String","physicalType":"String"},"sink":{"name":"category","type":"String","physicalType":"varchar"}},{"source":{"name":"notes","type":"String","physicalType":"String"},"sink":{"name":"notes","type":"String","physicalType":"varchar"}}],"typeConversion":true,"typeConversionSettings":{"allowDataTruncation":true,"treatBooleanAsNumber":false}}},"inputs":[{"referenceName":"VendorPayoutCSV","type":"DatasetReference","parameters":{}}],"outputs":[{"referenceName":"VendorPayoutTable","type":"DatasetReference","parameters":{}}]}],"policy":{"elapsedTimeMetric":{}},"annotations":[],"lastPublishTime":"2025-07-09T02:02:34Z"},"dependsOn":["[concat(variables('factoryId'), '/datasets/VendorPayoutCSV')]","[concat(variables('factoryId'), '/datasets/VendorPayoutTable')]"]},{"name":"[concat(parameters('factoryName'), '/VendorPayoutCSV')]","type":"Microsoft.DataFactory/factories/datasets","apiVersion":"2018-06-01","properties":{"linkedServiceName":{"referenceName":"[parameters('AzureBlobStorage1')]","type":"LinkedServiceReference"},"annotations":[],"type":"DelimitedText","typeProperties":{"location":{"type":"AzureBlobStorageLocation","fileName":"vendor_payouts.csv","container":"raw-data"},"columnDelimiter":",","escapeChar":"\\","firstRowAsHeader":true,"quoteChar":"\""},"schema":[{"name":"payout_date","type":"String"},{"name":"vendor_name","type":"String"},{"name":"amount","type":"String"},{"name":"payment_method","type":"String"},{"name":"category","type":"String"},{"name":"notes","type":"String"}]},"dependsOn":[]},{"name":"[concat(parameters('factoryName'), '/VendorPayoutTable')]","type":"Microsoft.DataFactory/factories/datasets","apiVersion":"2018-06-01","properties":{"linkedServiceName":{"referenceName":"[parameters('AzureSqlDatabase1')]","type":"LinkedServiceReference"},"annotations":[],"type":"AzureSqlTable","schema":[{"name":"PayoutID","type":"int","precision":10},{"name":"payout_date","type":"date"},{"name":"vendor_name","type":"varchar"},{"name":"amount","type":"decimal","precision":10,"scale":2},{"name":"payment_method","type":"varchar"},{"name":"category","type":"varchar"},{"name":"notes","type":"varchar"},{"name":"CreatedDate","type":"datetime","precision":23,"scale":3}],"typeProperties":{"schema":"dbo","table":"VendorPayouts"}},"dependsOn":[]}]}